產品大類	品名	存貨代碼	進價	卡多摩進價	定價	樣品價	國際條碼	保存期限	退換貨	註記
益生菌-300億01	300億純淨益生菌(1入)	P1SBC00101	問助理			8		2年
益生菌-300億30(藥)	300億純淨益生菌(30入/盒)-藥局版	P1SBC03002	590		1180	300	4718287343111	2年
益生菌-300億05	300億純淨益生菌(5入/盒)	P1SBC00501	問助理			50	4718287341605	2年
益生菌-400億01	400億敏立清益生菌(1入)	P1SBM00101	問助理			10		2年
益生菌-400億30	400億敏立清益生菌(30入/盒)	P1SBM03001	640		1280	350	4718287342923	2年
益生菌-400億05	400億敏立清益生菌(5入/盒)	P1SBM00501	問助理			220	4718287342916	2年
益生菌-YOHO01	YOHO敏立清益生菌-乳酸(1入)	P1HMR00101	12			9		2年
益生菌-YOHO05	YOHO敏立清益生菌-乳酸(5入/盒)	P1HMR00501	100			55	4718287341780	2年
益生菌-YOHO60	YOHO敏立清益生菌-乳酸(60入/盒)	P1HMR06001	840	800	1680	500	4718287341643	2年
兒童-多醣體02	小悠活多醣體咀嚼錠(2入/包)	P4XDJ00201	問助理		問助理	16	4718287341124	3年
兒童-多醣體30	小悠活多醣體咀嚼錠(30入/瓶)	P4XDJ03001	410	365	820	230	4718287340707	3年
兒童-多醣體30(藥)	小悠活多醣體咀嚼錠(30入/瓶)-藥局版	P4XDJ03003	410		820	230	4718287343104	3年
兒童-魚油10	小悠活兒童魚油咀嚼軟膠囊(10入/瓶)	P4XYJ01001	問助理		問助理	85	4718287342404	3年
兒童-魚油30	小悠活兒童魚油咀嚼軟膠囊(30入/盒)	P4XYJ03001	380	370	740	200	4718287342411	3年
兒童-葉黃素10	小悠活兒童葉黃素咀嚼錠(10入/瓶)	P4XTE01001	問助理		問助理	40	4718287341346	3年
兒童-葉黃素10(藥)	小悠活兒童葉黃素咀嚼錠(10入/瓶)-飛機版	P4XTE01003	問助理		問助理	40	4718287342794	3年
兒童-葉黃素02	小悠活兒童葉黃素咀嚼錠(2入/包)	P4XTE00201	問助理		問助理	8	4718287341315	3年
兒童-葉黃素45	小悠活兒童葉黃素咀嚼錠(45入/瓶)	P4XTE04501	260	230	520	175	4718287341353	3年
兒童-維他命10	小悠活兒童綜合維他命咀嚼錠(10入/瓶)	P4XZU01001	0		170	28	4718287342206	2年
兒童-維他命02	小悠活兒童綜合維他命咀嚼錠(2入/包)	P4XZU00201	問助理		問助理	6	4718287342190	2年
兒童-維他命45	小悠活兒童綜合維他命咀嚼錠(45入/盒)	P4XZU04501	260	230	520	135	4718287342220	3年
軟糖-柳橙C	小悠活柳橙C脆Q軟糖(10入/包)	P4XCH01001	22		39	12	4718287341766	2年	不可	24包/箱
軟糖-益生菌	小悠活益生菌脆Q軟糖(10入/包)	P4XSQ01001	22		39	12	4718287341278	2年	不可	24包/箱
無糖軟糖-葡萄	小悠活無糖Q小熊軟糖-益生菌(25g/包)	P4XUS01001	42		69	32	4718287342893	18個月	不可	48包/箱
無糖軟糖-柳橙	小悠活無糖Q小熊軟糖-綜合維他命(25g/包)	P4XUZ01001	42		69	32	4718287342886	18個月	不可	48包/箱
兒童-鈣10	小悠活鈣咀嚼錠(10入/瓶)-球棒版	P4XGJ01003	問助理		問助理	38	4718287342817	2年
兒童-鈣02	小悠活鈣咀嚼錠(2入/包)	P4XGJ00201	問助理		問助理	8	4718287341889	2年
兒童-鈣45	小悠活鈣咀嚼錠(45入/盒)-球棒版	P4XGJ04501	260	230	520	137	4718287341919	2年
軟糖-葉黃素	小悠活葉黃素脆Q軟糖(10入/包)	P4XEQ01001	22		39	12	4718287341285	2年	不可	24包/箱
B群10(藥)	原力B群長效緩釋錠(10入/瓶)-藥局版	P3LBH01002	問助理		問助理	50	4718287342770	3年
B群02	原力B群長效緩釋錠(2入/紙夾)	P3LBH00201	問助理		問助理	10	4718287340950	3年
B群60(公)	原力B群長效緩釋錠(60入/瓶)	P3LBH06001		370
B群60(藥)	原力B群長效緩釋錠(60入/瓶)-藥局版	P3LBH06002	370		758	300	4718287342787	3年
維他命-女性10(公)	原力女性綜合維他命+鐵(10入/瓶)-公司版	P3YNT01001	75		150	47	4718287342589	3年
維他命-女性02	原力女性綜合維他命+鐵(2入/包)	P3YNT00201	25		49	10	4718287342572	3年
維他命-女性30(公)	原力女性綜合維他命+鐵(30入/盒)	P3YNT03001	225		445	125	4718287342619	3年
瑪卡-10	原力五色瑪卡+南非醉茄(10粒/盒)-藥局版	P3MNQ01001	250		499	160	4718287343289	3年
維他命-男性10(公)	原力男性綜合維他命+鋅(10入/瓶)-公司版	P3YNX01001	75		150	47	4718287342664	3年
維他命-男性02	原力男性綜合維他命+鋅(2入/包)	P3YNX00201	25		49	10	4718287342657	3年
維他命-男性30(公)	原力男性綜合維他命+鋅(30入/盒)	P3YNX03001	225		445	125	4718287342695	3年
力鈣鎂10	原力海藻鈣鎂錠(10入/瓶)	P3LGM01001	問助理		問助理	45	4718287341674	3年
力鈣鎂02	原力海藻鈣鎂錠(2入/包)	P3LGM00201	問助理		問助理	8	4718287341698	3年
力鈣鎂60(藥)	原力海藻鈣鎂錠(60入/瓶)-藥局版	P3LGM06002	395		790	270	4718287343128	3年
D3鈣-粉末	原力鈣D3顆粒粉末(1入/盒)	P3LGD00101	0		0	8		3年
D3鈣-粉末	原力鈣D3顆粒粉末(30入/盒)	P3LGD03001	395		790	240	4718287341261	3年
多醣體10	原力葡聚多醣體(10入/瓶)	P3LPD01001	問助理		問助理	120	4718287341179	3年
多醣體30(藥)	原力葡聚多醣體(30入/瓶)-藥局版	P3LPD03002	495		990	350	4718287343142	3年
C+鋅-粉01	原力維生素C+鋅粉(1入)	P3LCX00101	0		0	4		3年
C+鋅-粉05	原力維生素C+鋅粉(5入)	P3LCX00501	問助理		問助理	18	4718287342268	3年
C+鋅-粉30(藥)	原力維生素C+鋅粉包(30入/盒)-藥局版	P3LCX03002	120		239	59	4718287343203	3年	不可	12盒可免運出，無搭贈
D3-800IU120(藥)	原力維生素D800IU錠(120入/瓶)-藥局版	P3LSD12002	175		349	115	4718287343227	3年		12盒可免運出
大豆萃取10(公)	悠活大豆萃取膠囊(10入/瓶)	P2HDJ01001	問助理		問助理	65	4718287341506	2年
大豆萃取60(藥)	悠活大豆萃取膠囊(60入/瓶)-藥局版	P2HDJ06002	550		1100	380	4718287343180	3年
活生素030	悠活生法素複方膠囊(30入/盒)	P2HSS03001	340		680	240	4718287343562	3年
活苦牛70(藥)	悠活好代謝(70入/盒)合包-藥局版	P2HKN07002	1100		2180	1000	4718287341995	3年
助眠-10	悠活助眠複方膠囊(10入/袋)	P2HZM01001	145		290	105	4718287342367	3年
助眠-30	悠活助眠複方膠囊(30入/盒)	P2HZM03001	問助理		820	299	4718287342374	3年
助眠-60	悠活助眠複方膠囊(60入/盒)	P2HZM06001	790		1580	550	4718287342381	3年	售完不補，改30入
活紅納60(公)	悠活紅麴納豆Q10膠囊(60入/盒)	P2HHN06001	590		1180	450	4718287342879	3年
活紅納60(藥)	悠活紅麴納豆Q10膠囊(60入/盒)-藥局版	P2HHN06002	590		1180	450	4718287343159	3年
魚油80%10(公)	悠活深海黃金魚油軟膠囊(10入/瓶)	P2HJU01001	問助理		問助理	70	4718287341582	3年
魚油80%60(公)	悠活深海黃金魚油軟膠囊(60入/瓶)	P2HJU06001		590
魚油80%60(藥)	悠活深海黃金魚油軟膠囊(60入/瓶)-藥局版	P2HJU06003	590		1180	400	4718287343098	3年
魚磷油-60	悠活魚油磷蝦油軟膠囊(60入/盒)	P2HYL06001	640		1280	420	4718287343043	3年	不可
噴劑紫錐花	悠活紫錐花+維生素C噴劑(50ml/盒)	P2HZC05001	250		499	200	4718287341872	3年
南瓜60	悠活黑麥花南瓜籽複方膠囊(60入/瓶)	P2HMG06001	420		1280	350	4718287343388	3年
膠原蛋白01	悠活煥妍膠原蛋白精華粉(1入)	P2HJD00101	0		0	12	4718287341957	2年
膠原蛋白20(藥)	悠活煥妍膠原蛋白精華粉(20入/盒)	P2HJD02001	425		850	250	4718287341056	2年
膠原蛋白07(藥)	悠活煥妍膠原蛋白精華粉(7入/盒)	P2HJD00701	問助理		問助理	100	4718287341186	2年
成人葉蝦10(藥)	悠活葉黃素+蝦紅素複方軟膠囊(10入/瓶)-藥局版	P2HHX01002	問助理		問助理	130	4718287342749	3年
成人葉蝦30(藥)	悠活葉黃素+蝦紅素複方軟膠囊(30入/瓶)-藥局版	P2HHX03002	590		1180	380	4718287342756	3年
葉酸鐵10	悠活葉酸+甘胺酸亞鐵植物膠囊(10入/瓶)	P2HTY01001	問助理		問助理	50	4718287341063	3年	不可
葉酸鐵60	悠活葉酸+甘胺酸亞鐵植物膠囊(60入/瓶)	P2HTY06001	490		980	300	4718287340981	3年	不可
C+鋅	悠活維生素C+鋅口含錠-鳳梨蘋果口味(28入/包)	P2HCF02801	70		129	35	4718287341407	2年	不可
D3素-液-50ML	悠活維生素D3素食噴劑(50ml/瓶)	P2HUP05001	600	540	1080	450	4718287341858	3年	不可
私密膠囊10(公)	悠活蔓越莓私密益生菌植物膠囊(10入/瓶)-60億	P2HMS01001	問助理		問助理	60	4718287341131	2年
私密膠囊60(藥)	悠活蔓越莓私密益生菌植物膠囊(60入/瓶)-藥局版	P2HMS06002	475		950	300	4718287343135	2年
優4蛋白-10	悠活優4蛋白+膽鹼沖泡粉包(10入/盒)	P2UGS01001	340		680	240	4718287343241	2年	預計26/8月初到貨
優4蛋白-01	悠活優4蛋白+膽鹼沖泡粉包(1包)	P2UGS00101	35		70	25	4718287343234	2年
薑黃10	悠活薑黃朝鮮薊植物膠囊(10入/瓶)	P2JHC01001	130		260	85	4718287342084	3年
薑黃60(藥)	悠活薑黃朝鮮薊植物膠囊(60入/瓶)-藥局版	P2JHC06002	540		1080	430	4718287343197	3年
UC II10	悠活關健複方膠囊(10入/盒)	P2HBB01001	問助理		570	180	4718287341520	2年
UC II30(藥)	悠活關健複方膠囊(30入/盒)-藥局版	P2HBB03002	840		1780	535	4718287343081	3年
