交易狀態	客戶代碼	部門分類	開發者	區域	狀態	客戶名稱	藥局名稱(分店)	發票別	統編	發票抬頭	地址編號	出貨地	地址	電話	傳真	聯絡人	職稱
併入同德辰安	(禁用)C190407	藥局	A104	北三區	X	辰安藥局(二聯停用)		二聯發票			190407001	桃園市蘆竹區	338桃園市蘆竹區上興路216號	03-313-6631		黃藥師	藥師
併入同德辰安	(禁用)C190407-01	藥局		北三區	X	辰安藥局樂心	樂心藥局	三聯發票	82328427	辰安藥局	19040701003	桃園市中壢區	320桃園市中壢區中山東路二段536號	03-4655667
併入同德辰安	(禁用)C190407-01	藥局	A104	北三區	X	辰安藥局青埔	青埔辰安藥局	三聯發票	82328427	辰安藥局	19040701002	桃園市大園區	337桃園市大園區致遠一路1號	0911-296600		林藥師	藥師
併入同德辰安	(禁用)C190407-01	藥局	A104	北三區	X	辰安藥局蘆竹		三聯發票	82328427	辰安藥局	19040701001	桃園市蘆竹區	338桃園市蘆竹區上興路216號	03-3136631		黃藥師	藥師
併入同德辰安	(禁用)C190407-01	藥局		北三區	X	辰安藥局南崁	南崁辰安藥局	三聯發票	82328427	辰安藥局	19040701004	桃園市蘆竹區	338桃園市蘆竹區南崁路54號	03-3530102
	C181201	藥局	A104	北三區		合約-全球藥業股份有限公司	總部	三聯發票	12986860	全球藥業股份有限公司	181201002	桃園市八德區	334桃園市八德區建國路866號2樓(總部)	03-3631517		呂亞涵	採購
	C181201	藥局	A104	北三區		合約-全球藥業股份有限公司	總倉	三聯發票	12986860	全球藥業股份有限公司	181201001	桃園市八德區	334桃園市八德區建國路870巷2號	03-3631517		游採購	採購
	C190402	藥局	A104	北三區	█	卡多摩33-林口仁愛店	33-林口仁愛店	三聯發票	70710216	台灣卡多摩嬰童館股份有限公司	190402033	新北市林口區	244新北市林口區仁愛路一段691號	02-2601-9373
	C190402	藥局	A111060101	北三區	█	卡多摩Q002-林口仁愛二店	Q002-林口仁愛二店	三聯發票	70710216	台灣卡多摩嬰童館股份有限公司	190402Q002	新北市林口區	244新北市林口區仁愛路二段249號	02-26089096
	C190402	藥局	A111060101	北三區	█	卡多摩66-新竹光復店	66-新竹光復店	三聯發票	70710216	台灣卡多摩嬰童館股份有限公司	190402066	新竹市東區	300新竹市東區光復路一段369號	03-5630056
	C190402	藥局	A111060101	北三區	█	卡多摩57-竹北縣政店	57-竹北縣政店	三聯發票	70710216	台灣卡多摩嬰童館股份有限公司	190402057	新竹縣竹北市	302新竹縣竹北市縣政二路550號	03-5587073
	C190402	藥局	A111060101	北三區	█	卡多摩64-中壢龍岡店	64-中壢龍岡店	三聯發票	70710216	台灣卡多摩嬰童館股份有限公司	190402064	桃園市中壢區	320桃園市中壢區龍岡路二段69號	03-428-0622
	C190402	藥局	A104	北三區	█	卡多摩47-中壢環北店	47-中壢環北店	三聯發票	70710216	台灣卡多摩嬰童館股份有限公司	190402047	桃園市中壢區	320桃園市中壢區環北路107-1號	03-4333-822
	C190402	藥局	A111060101	北三區	█	卡多摩58-平鎮山仔頂店	58-平鎮山仔頂店	三聯發票	70710216	台灣卡多摩嬰童館股份有限公司	190402058	桃園市平鎮區	324桃園市平鎮區中豐路山頂段150號	03-4698157
	C190402	藥局	A104	北三區	█	卡多摩51-平鎮環南店	51-平鎮環南店	三聯發票	70710216	台灣卡多摩嬰童館股份有限公司	190402051	桃園市平鎮區	324桃園市平鎮區環南路139號	03-4015520
	C190402	藥局	A111060101	北三區	█	卡多摩60-北龍店	60-北龍店	三聯發票	70710216	台灣卡多摩嬰童館股份有限公司	190402060	桃園市龍潭區	325桃園市龍潭區北龍路273-1號	03-4896575
	C190402	藥局	A104	北三區	█	卡多摩53-楊梅埔心店	53-楊梅埔心店	三聯發票	70710216	台灣卡多摩嬰童館股份有限公司	190402053	桃園市楊梅區	326桃園市楊梅區永美路385-7號	03-431-1123
	C190402	藥局	A104	北三區	█	卡多摩37-桃園中山店	37-桃園中山店	三聯發票	70710216	台灣卡多摩嬰童館股份有限公司	190402037	桃園市桃園區	330桃園市桃園區中山路393-1號	03-339-0622
	C190402	藥局	A111060101	北三區	█	卡多摩59-春日店	59-春日店	三聯發票	70710216	台灣卡多摩嬰童館股份有限公司	190402059	桃園市桃園區	330桃園市桃園區春日路868號	03-3160612
	C190402	藥局	A104	北三區	█	卡多摩38-桃園莊敬店	38-桃園莊敬店	三聯發票	70710216	台灣卡多摩嬰童館股份有限公司	190402038	桃園市桃園區	330桃園市桃園區莊敬路一段168號	03-2150117
	C190402	藥局	A104	北三區	█	卡多摩35-桃園龜山店	35-桃園龜山店	三聯發票	70710216	台灣卡多摩嬰童館股份有限公司	190402035	桃園市龜山區	333桃園市龜山區文化三路388號	03-3278-575
	C190402	藥局	A111060101	北三區	█	卡多摩55-龜山萬壽店	55-龜山萬壽店	三聯發票	70710216	台灣卡多摩嬰童館股份有限公司	190402055	桃園市龜山區	333桃園市龜山區萬壽路二段1287號1樓	03-359-1695
	C190402	藥局	A104	北三區	█	卡多摩40-八德介壽店	40-八德介壽店	三聯發票	70710216	台灣卡多摩嬰童館股份有限公司	190402040	桃園市八德區	334桃園市八德區介壽路二段1068號(右邊卡多摩)	03-361-9140
	C190402	藥局	A081	北三區	█	卡多摩54-八德金和店	54-八德金和店	三聯發票	70710216	台灣卡多摩嬰童館股份有限公司	190402054	桃園市八德區	334桃園市八德區金和路21號	03-361-7335
	C190402	藥局	A111060101	北三區	█	卡多摩62-大溪店	62-大溪店	三聯發票	70710216	台灣卡多摩嬰童館股份有限公司	190402062	桃園市大溪區	335桃園市大溪區員林路一段75號	03-3801629
	C190402	藥局	A111060101	北三區	█	卡多摩56-桃園大園店	56-桃園大園店	三聯發票	70710216	台灣卡多摩嬰童館股份有限公司	190402056	桃園市大園區	337桃園市大園區中華路88號	03-3397562
	C190402	藥局	A104	北三區	█	卡多摩29-桃園蘆竹店	29-桃園蘆竹店	三聯發票	70710216	台灣卡多摩嬰童館股份有限公司	190402029	桃園市蘆竹區	338桃園市蘆竹區仁愛路一段26號	03-212-2780
	C190402	藥局	A104	北三區	█	卡多摩38-桃園大興店	38-桃園莊敬店	三聯發票	70710216	台灣卡多摩嬰童館股份有限公司		桃園市桃園區
	C190404	藥局	A104	北三區		合約-全郁藥局		二聯發票			190404001	桃園市蘆竹區	338桃園市蘆竹區大新路460號	03-323-1101		黃藥師	藥師
	C190405	藥局	A104	北三區		合約-安博氏藥師藥局		三聯發票	82317391	安博氏藥師藥局	190405001	桃園市龜山區	333桃園市龜山區文化一路210號(貨可放警衛室)	03-328-3185		范藥師	藥師
	C190408	藥局	A104	北三區		美日安	美日安藥局	二聯發票			190408001	桃園市中壢區	320桃園市中壢區民族路85號	03-495-1085		林藥師	藥師
	C190408	藥局	A104	北三區		美日安添好運大藥局	添好運大藥局	二聯發票			190408004	桃園市平鎮區	324桃園市平鎮區中豐路188號	03-457-0009		林君南	藥師
	C190408	藥局	A104	北三區		美日安雙林藥師藥局	雙林藥師藥局	二聯發票			190408005	桃園市平鎮區	324桃園市平鎮區民族路二段187號	03-491-3210		林藥師	藥師
	C190408	藥局	A104	北三區		美日安恬心藥局	恬心藥局	二聯發票			190408003	桃園市平鎮區	324桃園市平鎮區延平路二段368號	03-493-2791		林藥師	藥師
	C190409	藥局	A104	北三區		唯恩藥局		二聯發票			190409001	新北市林口區	244新北市林口區麗園一街9巷1號1樓之2	02-2600-5805		羅藥師	藥師
	C190410	藥局	A104	北三區		康立藥局新竹	新竹康立藥局	三聯發票	78012122	康立藥局		新竹市北區	300新竹市北區水田街162號	03-545-7591
	C190410	藥局	A104	北三區		康立藥局	康立藥局	三聯發票	78012122	康立藥局		新竹縣竹北市	302新竹縣竹北市中正東路288號	03-551-8093
	C190410	藥局	A104	北三區		康立藥局竹北	竹北立康藥局	三聯發票	78012122	康立藥局		新竹縣竹北市	302新竹縣竹北市華興街220號	03-552-7730
	C190410	藥局	A104	北三區		康立藥局總倉	總倉	三聯發票	78012122	康立藥局	190410001	新竹縣竹北市	302新竹縣竹北市聯興二街77號	03-656-6549	03-656-6553	劉藥師	藥師
	C190410	藥局	A104	北三區		康立藥局立人藥局新豐	新豐立人藥局	三聯發票	78012122	康立藥局		新竹縣新豐鄉	304新竹縣新豐鄉建興路一段57號	03-557-8217
	C190410	藥局	A104	北三區		康立藥局新埔	新埔康立藥局	三聯發票	78012122	康立藥局		新竹縣新埔鎮	305新竹縣新埔鎮中正路381號	03-589-6129
	C190412	藥局	A104	北三區	█	合約-莘莘藥局		三聯發票	99442794	莘莘藥局	190412001	桃園市桃園區	330桃園市桃園區莊敬路一段368號	03-317-0681	03-317-0329	楊藥師	藥師
	C190517-01	藥局	A104	北三區		安捷幸福藥局		三聯發票	61387352	安捷幸福藥局	19051701001	桃園市龜山區	333桃園市龜山區南祥路50號	03-222-0251		賴穎川	負責人
	C190518	藥局	A104	北三區		合約-迦南藥局總店	迦南藥局(總店)	三聯發票	41157624	迦南藥局	190518001	桃園市桃園區	330桃園市桃園區國聖一街61號1樓之1號	03-360-9938		劉沛晴	藥師
	C190518	藥局	A104	北三區		合約-迦南藥局安寶親子藥局	安寶親子藥局	三聯發票	41157624	迦南藥局	190518002	桃園市龜山區	333桃園市龜山區文化二路51號	03-328-1688		陳藥師	藥師
	C190522	藥局		北三區	█	寶寶共和國中壢店	B003-中壢店	三聯發票	54735227	寶寶共和國股份有限公司	190522B003	桃園市中壢區	320桃園市中壢區中山東路二段510號B1	03-465-2783
	C190623	藥局	A062	北三區	█	營養銀行-新竹民族門市	新竹民族門市	三聯發票	54714026	玥盛股份有限公司	190623037	新竹市東區	300新竹市東區三民里民族路122號	03-533-9546
	C190623	藥局	A062	北三區	█	營養銀行-光復門市	光復門市	三聯發票	54714026	玥盛股份有限公司	190623016	新竹市東區	300新竹市東區光復路一段43號	03-563-5212
	C190623	藥局	A062	北三區	█	營養銀行-建中門市	建中門市	三聯發票	54714026	玥盛股份有限公司	190623028	新竹市東區	300新竹市東區建中路152號1樓	03-572-4968
	C190623	藥局	A062	北三區	█	營養銀行-國華門市	國華門市(原水田門市)	三聯發票	54714026	玥盛股份有限公司	190623013	新竹市東區	300新竹市東區國華街6號	03-515-3420
	C190623	藥局	A062	北三區	█	營養銀行-牛埔門市	牛埔門市	三聯發票	54714026	玥盛股份有限公司	190623014	新竹市香山區	300新竹市香山區牛埔路154號	03-539-8948
	C190623	藥局	A062	北三區	█	營養銀行-文興門市	文興門市	三聯發票	54714026	玥盛股份有限公司	190623012	新竹縣竹北市	302新竹縣竹北市文興路一段92號	03-667-6743
	C190623	藥局	A062	北三區	█	營養銀行-成功門市	成功門市	三聯發票	54714026	玥盛股份有限公司	190623017	新竹縣竹北市	302新竹縣竹北市成功三路80號	03-550-2205
	C190623	藥局	A062	北三區	█	營養銀行-竹北勝利門市	竹北勝利門市	三聯發票	54714026	玥盛股份有限公司	190623018	新竹縣竹北市	302新竹縣竹北市勝利六街86號	03-658-6842
	C190623	藥局	A062	北三區	█	營養銀行-博愛門市	博愛門市	三聯發票	54714026	玥盛股份有限公司	190623032	新竹縣竹北市	302新竹縣竹北市博愛街166號	03-552-9790
	C190623	藥局	A062	北三區	█	營養銀行-湖口中正門市	湖口中正門市	三聯發票	54714026	玥盛股份有限公司	190623034	新竹縣湖口鄉	303新竹縣湖口鄉中正路一段169號	03-590-4428
	C190623	藥局	A062	北三區	█	營養銀行-新豐門市	新豐門市	三聯發票	54714026	玥盛股份有限公司	190623039	新竹縣新豐鄉	304新竹縣新豐鄉建興路103號	03-557-7571
	C190623	藥局	A062	北三區	█	營養銀行-東寧門市	東寧門市	三聯發票	54714026	玥盛股份有限公司	190623023	新竹縣竹東鎮	310新竹縣竹東鎮東寧路二段316號	03-596-1979
	C190623	藥局	A062	北三區	█	營養銀行-中北門市	中北門市	三聯發票	54714026	玥盛股份有限公司	190623008	桃園市中壢區	320桃園市中壢區中北路二段432號	03-438-5368
	C190623	藥局	A062	北三區	█	營養銀行-龍東門市	龍東門市	三聯發票	54714026	玥盛股份有限公司	190623044	桃園市中壢區	320桃園市中壢區龍東路379號	03-438-3149
	C190623	藥局	A062	北三區	█	營養銀行-山子頂門市	山子頂門市	三聯發票	54714026	玥盛股份有限公司	190623006	桃園市平鎮區	324桃園市平鎮區中豐路山頂段145號	03-469-5228
	C190623	藥局	A062	北三區	█	營養銀行-楊梅新成門市	楊梅新成門市	三聯發票	54714026	玥盛股份有限公司	190623040	桃園市楊梅區	326桃園市楊梅區大平街90號	03-478-2937
	C190623	藥局	A062	北三區	█	營養銀行-埔心門市	埔心門市	三聯發票	54714026	玥盛股份有限公司	190623030	桃園市楊梅區	326桃園市楊梅區永美路211號	03-481-0854
	C190623	藥局	A111060101	北三區	█	營養銀行-桃園中正門市	桃園中正門市	三聯發票	54714026	玥盛股份有限公司	190623048	桃園市桃園區	330桃園市桃園區中正路642號	03-3580833
	C190623	藥局	A062	北三區	█	營養銀行-園禾門市	園禾門市	三聯發票	54714026	玥盛股份有限公司	190623036	桃園市桃園區	330桃園市桃園區莊敬路二段39號1樓	03-317-4189
	C190623	藥局	A062	北三區	█	營養銀行-園山門市	園山門市	三聯發票	54714026	玥盛股份有限公司	190623035	桃園市龜山區	333桃園市龜山區龜山村萬壽路二段899號	03-319-7822
	C190623	藥局	A111060101	北三區	█	營養銀行-八德門市	八德門市	三聯發票	54714026	玥盛股份有限公司	190623002	桃園市八德區	334桃園市八德區建國路63號	03-3680693
	C190623	藥局	A062	北三區	█	營養銀行-大園門市	大園門市	三聯發票	54714026	玥盛股份有限公司	190623004	桃園市大園區	337桃園市大園區中正東路32號之1	03-385-4099
	C190623	藥局	A062	北三區	█	營養銀行-大竹門市	大竹門市	三聯發票	54714026	玥盛股份有限公司	190623003	桃園市蘆竹區	338桃園市蘆竹區大竹路458號	03-323-8303
	C190623	藥局	A062	北三區	█	營養銀行-南崁門市	南崁門市	三聯發票	54714026	玥盛股份有限公司	190623027	桃園市蘆竹區	338桃園市蘆竹區南華一街2號	03-311-3133
	C190624	藥局	A062	北三區	█	營養銀行-竹B門市	竹B門市	三聯發票	54714047	玥鑫股份有限公司	190624004	新竹市北區	300新竹市北區西大路616號	03-524-8112
	C190624	藥局	A062	北三區	█	營養銀行-竹A門市	竹A門市	三聯發票	54714047	玥鑫股份有限公司	190624003	新竹市東區	300新竹市東區南大路456號	03-561-5786
	C190624	藥局	A062	北三區	█	營養銀行-竹北門市	竹北門市	三聯發票	54714047	玥鑫股份有限公司	190624005	新竹縣竹北市	302新竹縣竹北市中正東路76號	03-553-5765
	C190624	藥局	A062	北三區	█	營養銀行-竹東門市	竹東門市	三聯發票	54714047	玥鑫股份有限公司	190624006	新竹縣竹東鎮	310新竹縣竹東鎮長春路三段230號	03-596-9112
	C190624	藥局	A062	北三區	█	營養銀行-壢B門市	壢B門市	三聯發票	54714047	玥鑫股份有限公司	190624019	桃園市中壢區	320桃園市中壢區中山路485號	03-2717620
	C190624	藥局	A062	北三區	█	營養銀行-壢A門市	壢A門市	三聯發票	54714047	玥鑫股份有限公司	190624018	桃園市中壢區	320桃園市中壢區中美路23號	03-425-2826
	C190624	藥局	A062	北三區	█	營養銀行-內壢門市	內壢門市	三聯發票	54714047	玥鑫股份有限公司	190624002	桃園市中壢區	320桃園市中壢區興農路134號	03-451-9212
	C190624	藥局	A062	北三區	█	營養銀行-龍潭門市	龍潭門市	三聯發票	54714047	玥鑫股份有限公司	190624017	桃園市龍潭區	325桃園市龍潭區中正路94號	03-480-4538
	C190624	藥局	A062	北三區	█	營養銀行-桃C門市	桃C門市	三聯發票	54714047	玥鑫股份有限公司	190624013	桃園市桃園區	330桃園市桃園區中山東路97號1樓	03-333-4470
	C190624	藥局	A062	北三區	█	營養銀行-桃B門市	桃B門市	三聯發票	54714047	玥鑫股份有限公司	190624012	桃園市桃園區	330桃園市桃園區復興路307號	03-339-6616
	C190624	藥局	A062	北三區	█	營養銀行-桃A門市	桃A門市	三聯發票	54714047	玥鑫股份有限公司	190624011	桃園市八德區	334桃園市八德區建國路1061號	03-363-8456
	C190804	藥局	A104	北三區		長欣藥局		二聯發票			190804001	新北市林口區	244新北市林口區中山路188號	02-2601-3171		宋欣樺	藥師
	C190805	藥局	A104	北三區	█	合約-家欣藥師藥局		三聯發票	34843389	家欣藥師藥局	190805001	新北市林口區	244新北市林口區文化二路1段567號1樓	02-2602-5388		夏語中	藥師
	C190902	藥局	A104	北三區		合約-大廟藥局		二聯發票			190902001	桃園市桃園區	330桃園市桃園區中山路158號	03-333-7006		蔡育奇	藥師
	C190909	藥局	A104	北三區		奇異果醫材有限公司大安藥局	奇異果大安藥局	三聯發票	90645777	奇異果醫材有限公司	190909003	台北市大安區	106台北市大安區大安路一段190號	02-2325-0891	03-369-7483	邱聖芳	藥師
	C190909	藥局	A104	北三區		奇異果醫材有限公司三井藥局	奇異果三井藥局	三聯發票	90645777	奇異果醫材有限公司	190909002	新北市林口區	244新北市林口區文化三路一段241號	02-2606-8650	03-369-7483	邱聖芳	藥師
	C190909	藥局	A104	北三區		奇異果醫材有限公司豐富藥局(總店)	奇異果豐富藥局(總店)	三聯發票	90645777	奇異果醫材有限公司	190909001	桃園市八德區	334桃園市八德區富城街112號	03-369-1764	03-369-7483	邱聖芳	藥師
	C190916	藥局	A104	北三區		合約-鈞育藥局		二聯發票			190916001	桃園市中壢區	320桃園市中壢區吉林路127號	03-462-2031	03-463-0095	陳慧珍	藥師
	C190921	藥局	A104	北三區		德美藥師藥局		二聯發票			190921001	桃園市蘆竹區	338桃園市蘆竹區中山路159號1樓	03-312-5081		蔡瓊梅	藥師
	C191005	藥局	A104	北三區		吉康藥局		二聯發票			191005001	新竹市北區	300新竹市北區東大路3段389號1樓	03-536-9916		薛淑蘭	藥師
停止往來	C191006	藥局	A104	北三區		安心藥局		二聯發票			191006001	桃園市平鎮區	324桃園市平鎮區上海路188號	03-439-8799		洪慈徽	藥師
	C191008	藥局	A104	北三區		均祐健康藥局		二聯發票			191008001	新竹市北區	300新竹市北區中正路389號1樓	03-532-5369	03-532-2869	李健源	藥師
	C191017	藥局	A104	北三區		合約-健佑藥局		三聯發票	72709236	健佑藥局	191017001	新竹市香山區	300新竹市香山區大庄路45巷6號	03-530-6555		鄧宇皓	藥師
	C191018	藥局	A104	北三區		康泉生活藥局		二聯發票			191018001	桃園市平鎮區	324桃園市平鎮區平東路276號	03-460-1363		黎德慶	藥師
	C191021	藥局	A104	北三區		得安專業藥師藥局		二聯發票			191021001	新竹市東區	300新竹市東區中華路二段652號	03-528-3038		張耿銘	藥師
	C191101	藥局	A104	北三區		一家好藥局		二聯發票	72844710	一家好藥局	191101001	新北市林口區	244新北市林口區中山路500號	02-2602-8270	02-2602-8271	蔡富雄	藥師
	C191107	藥局	A104	北三區		杏康健保特約藥局		二聯發票			191107001	新竹市東區	300新竹市東區光復路一段525巷23號	03-577-2966		張程詠	藥師
	C191109	藥局	A104	北三區		合約-明湖健保藥局(祥宏生活)		三聯發票	53262798	祥宏生活事業有限公司	191109001	新竹市東區	300新竹市東區明湖路398號	03-519-1788	03-519-1787	謝明宏	藥師
	C191109-01	藥局	A104	北三區		(禁用)合約-明湖健保藥局		二聯發票			19110901001	新竹市東區	300新竹市東區明湖路398號	03-519-1788	03-519-1787	謝明宏	藥師
	C191211	藥局	A104	北三區		合約-欣立藥局		三聯發票	72634756	欣立藥局	191211001	桃園市桃園區	330桃園市桃園區龍安街181-1號1樓	03-379-2001		黃于珍	藥師
	C200108	藥局	A104	北三區		合約-源川藥局		三聯發票	82330280	源川藥局	200108001	新竹縣竹北市	302新竹縣竹北市文興路二段9號	03-657-6165		林芝廷
	C200108-01	藥局	A104	北三區		合約-源川藥局(二聯)		二聯發票			20010801001	新竹縣竹北市	302新竹縣竹北市文興路二段9號	03-657-6165		林芝廷
	C200209	藥局	A104	北三區		(禁用)綠園藥局得意藥局	得意藥局	三聯發票	31616327	綠園藥局	200209003	新北市樹林區	238新北市樹林區學府路292號1樓	02-26686350		劉得懿	藥師
	C200209	藥局	A104	北三區		綠園藥局		三聯發票	31616327	綠園藥局	200209001	新北市林口區	244新北市林口區仁愛路二段105號	02-8601-2258		林小慧
	C200209	藥局	A104	北三區		(禁用)綠園藥局樂樂聯合藥局	樂樂聯合藥局	三聯發票	31616327	綠園藥局	200209002	桃園市龜山區	333桃園市龜山區萬壽路一段109號2樓	02-8200-0560		劉得懿	藥師
	C200209-01	藥局	A104	北三區		綠園藥局樂樂聯合藥局		三聯發票	87521956	樂樂聯合藥局	20020901001	桃園市龜山區	333桃園市龜山區萬壽路一段109號2樓	02-8200-0560		劉得懿	藥師
	C200209-02	藥局	A104	北三區		綠園藥局得意藥局		三聯發票	92778251	得意藥局	20020902001	新北市樹林區	238新北市樹林區學府路292號1樓	02-26686350		劉得懿	藥師(負責人)
	C200504	藥局	A104	北三區		成發藥局		三聯發票	41157672	成發藥局	200504001	桃園市八德區	334桃園市八德區和平路250號	03-375-1696		蔡建鋒	藥師
	C200603	藥局	A104	北三區		仁悅藥局		二聯發票			200603001	桃園市桃園區	330桃園市桃園區中山路60號	03-336-1718		莊雅婷	藥師
	C200609	藥局		北三區		合約-安慶藥局	躍獅義安藥局	三聯發票	42069183	安慶藥局	200609003	桃園市桃園區	330桃園市桃園區莊敬路一段323號	03-358-7676
	C200609	藥局	A104	北三區		合約-安慶藥局	浤安藥局	三聯發票	42069183	安慶藥局	200609002	桃園市桃園區	330桃園市桃園區慈德街1號	03-357-7665		張峻豪	老闆
	C200609	藥局	A104	北三區		合約-安慶藥局	安慶藥局	三聯發票	42069183	安慶藥局	200609001	桃園市桃園區	330桃園市桃園區寶安里安慶街91號	03-302-7267		張峻豪	老闆
	C200609	藥局		北三區		合約-安慶藥局	寧安藥局	三聯發票	42069183	安慶藥局	200609004	桃園市八德區	334桃園市八德區興豐路588號	03-368-8368
	C200623	藥局	A104	北三區		合約-新寶樹藥局福安藥局	福安藥局	二聯發票			200623002	桃園市中壢區	320桃園市中壢區元化路232號	03-426-6000
	C200623	藥局	A104	北三區		合約-新寶樹藥局	2間分店	二聯發票			200623001	桃園市八德區	334桃園市八德區介壽路一段974號	03-377-0000		莊詠翔	藥師
停止往來	C200704	藥局	A104	北三區		大榮藥妝龍潭店(大榮大藥局)		三聯發票	49360500	大榮藥妝龍潭店	200704001	桃園市龍潭區	325桃園市龍潭區中豐路上林段2號	03-479-7795		吳經理	藥師
	C200729	藥局	A104	北三區		合約-新月藥局		三聯發票	82276342	新月藥局	200729001	新竹縣竹東鎮	310新竹縣竹東鎮五豐里永康街81號1樓	03-596-0501		蔡育賢	藥師
	C200736	藥局	A104	北三區		合約-樂謙藥師藥局		二聯發票			200736001	桃園市中壢區	320桃園市中壢區龍東路134號	03-466-2775		黎默謙	藥師
	C200806	藥局	A111060101	北三區		合約-禾坊親子藥局禾實藥局	禾實藥局	三聯發票	90497038	禾坊醫療器材有限公司	200806004	新竹市東區	300新竹市東區食品路269號	03-5621272
	C200806	藥局		北三區		合約-禾坊親子藥局總倉	總倉	三聯發票	90497038	禾坊醫療器材有限公司	200806003	新竹縣竹北市	302新竹縣竹北市中和街171號	03-6210231#11			藥師
	C200806	藥局	A104	北三區		合約-禾坊親子藥局		三聯發票	90497038	禾坊醫療器材有限公司	200806001	新竹縣竹北市	302新竹縣竹北市科大一路85號	03-558-8797		曾婕伃	藥師
	C200806	藥局	A111060101	北三區		合約-禾坊親子藥局禾樂藥局	禾樂藥局	三聯發票	90497038	禾坊醫療器材有限公司	200806002	新竹縣竹北市	302新竹縣竹北市華興街182號	03-656-0559		石博文	老闆
	C200808-01	藥局	A104	北三區		克峰藥局		三聯發票	37985115	克峰藥局	20080801001	桃園市桃園區	330桃園市桃園區中路街17號	03-367-4520		王克峰	藥師
	C200909	藥局	A104	北三區		松樹藥師藥局		二聯發票			200909001	桃園市觀音區	328桃園市觀音區中山路二段777號	03-498-8995		林玉珍	藥師
	C201123	藥局	A104	北三區		大竹藥師藥局		二聯發票			201123001	桃園市蘆竹區	338桃園市蘆竹區南竹路五段259號	03-323-2508		張嘉娟	藥師
	C201201	藥局	A104	北三區		好孕到嬰兒用品店		三聯發票	69645982	好孕有限公司	201201001	桃園市桃園區	330桃園市桃園區慈文路196號	03-317-0082		黃偉華	老闆
	C201203	藥局		北三區	█	合約-同德辰安藥局林口辰安藥局	林口辰安藥局	三聯發票	87332738	同德辰安藥局	201203007	新北市林口區	244新北市林口區文化三路一段191巷5號	02-26099151
	C201203	藥局		北三區	█	合約-同德辰安藥局樂心藥局	樂心藥局	三聯發票	87332738	同德辰安藥局	201203003	桃園市中壢區	320桃園市中壢區中山東路二段536號	03-4655667
	C201203	藥局		北三區	█	合約-同德辰安藥局中山辰安藥局	中山辰安藥局	三聯發票	87332738	同德辰安藥局	201203010	桃園市中壢區	320桃園市中壢區中山東路二段550號	03-456-1716
	C201203	藥局		北三區	█	合約-同德辰安藥局信義辰安藥局	信義辰安藥局	三聯發票	87332738	同德辰安藥局	201203005	桃園市中壢區	320桃園市中壢區信義路114號	03-4518171
	C201203	藥局		北三區	█	合約-同德辰安藥局大成辰安藥局	大成辰安藥局	三聯發票	87332738	同德辰安藥局	201203004	桃園市楊梅區	326桃園市楊梅區大成路78號	03-3884397
	C201203	藥局	A104	北三區	█	合約-同德辰安藥局		三聯發票	87332738	同德辰安藥局	201203001	桃園市桃園區	330桃園市桃園區同德十街25號	03-3012028		陳怡安	老闆
	C201203	藥局		北三區	█	合約-同德辰安藥局萬壽辰安藥局	萬壽辰安藥局	三聯發票	87332738	同德辰安藥局	201203011	桃園市龜山區	333桃園市龜山區萬壽路二段1081號	03-320-8022
	C201203	藥局		北三區	█	合約-同德辰安藥局廣興辰安藥局	廣興辰安藥局	三聯發票	87332738	同德辰安藥局	201203008	桃園市八德區	334桃園市八德區廣興二路11號	03-3683682
	C201203	藥局		北三區	█	合約-同德辰安藥局大豐辰安藥局	大豐辰安藥局	三聯發票	87332738	同德辰安藥局	201203006	桃園市大園區	337桃園市大園區大豐二街110號	03-2805622
	C201203	藥局		北三區	█	合約-同德辰安藥局青埔辰安藥局	青埔辰安藥局	三聯發票	87332738	同德辰安藥局	201203002	桃園市大園區	337桃園市大園區致遠一路1號	0911-296-600
	C201203	藥局		北三區	█	合約-同德辰安藥局南崁辰安藥局	南崁辰安藥局	三聯發票	87332738	同德辰安藥局	201203009	桃園市蘆竹區	338桃園市蘆竹區南崁路54號
	C201203-01	藥局	A104	北三區	█	(禁用)合約-同德辰安藥局		二聯發票			20120301012	桃園市桃園區	330桃園市桃園區同德十街25號	03-3012028		陳怡安	老闆
	C201213	藥局	A104	北三區	X	(禁用)合約-井三原健保藥局新屋藥局	新屋藥局	三聯發票	87539920	井三原健保藥局	201213003	桃園市新屋區	327桃園市新屋區中華路294號	03-497-1008		林哲宇	藥師
	C201213	藥局	A104	北三區	X	(禁用)合約-井三原健保藥局合春藥局	合春藥局	三聯發票	87539920	井三原健保藥局	201213002	桃園市觀音區	328桃園市觀音區新坡里新生路46號	03-498-2300		林哲宇	藥師
	C201213	藥局	A104	北三區	X	(禁用)合約-井三原健保藥局總倉	總倉	三聯發票	87539920	井三原健保藥局	201213001	桃園市八德區	334桃園市八德區大成里介壽路一段956號	03-218-4078		林哲宇	老闆
	C201213-01	藥局	A111060101	北三區		合約-井三原新屋(新屋)	新屋藥局	三聯發票	80764372	新屋藥局	20121301002	桃園市新屋區	327桃園市新屋區中華路294號	03-497-1008
	C201213-01	藥局	A111060101	北三區		合約-井三原合春(新屋)	合春藥局	三聯發票	80764372	新屋藥局	20121301003	桃園市觀音區	328桃園市觀音區新坡里新生路46號	03-498-2300
	C201213-01	藥局	A111060101	北三區		合約-井三原總倉(新屋)	井三原健保藥局總倉	三聯發票	80764372	新屋藥局	20121301001	桃園市八德區	334桃園市八德區大成里介壽路一段956號	03-218-4078
	C210513	藥局	A104	北三區		合約-728藥局		二聯發票			210513001	新竹市東區	300新竹市東區明湖路1245號	0952-970196		胡思琳	藥師
	C210603	藥局	A104	北三區		大順藥局		二聯發票			210603001	桃園市中壢區	320桃園市中壢區興仁路三段56號	03-4654675		涂德鴻	藥師
	C210901	藥局	A104	北三區		福澤健康股份有限公司	福澤健行藥局	三聯發票	91022284	福澤健康股份有限公司		桃園市中壢區	320桃園市中壢區健行路139號	03-4283018
	C210901	藥局	A104	北三區		福澤健康股份有限公司	福澤中豐藥局(總倉)	三聯發票	91022284	福澤健康股份有限公司	210901001	桃園市平鎮區	324桃園市平鎮區中豐路345號	03-4679863		林麗芬	副總經理.藥師
	C210901	藥局	A104	北三區		福澤健康股份有限公司	福澤民族藥局	三聯發票	91022284	福澤健康股份有限公司		桃園市平鎮區	324桃園市平鎮區民族路二段139號	03-4014748
	C210901	藥局	A104	北三區		福澤健康股份有限公司	福澤大業藥局	三聯發票	91022284	福澤健康股份有限公司		桃園市桃園區	330桃園市桃園區大業路一段422號1樓	03-3568835
	C210901	藥局	A104	北三區		福澤健康股份有限公司	福澤大溪藥局	三聯發票	91022284	福澤健康股份有限公司		桃園市大溪區	335桃園市大溪區一心里復興路105號	03-3888145
	C210903	藥局	A104	北三區		暘光健保藥局	暘光健保藥局	二聯發票			210903001	新竹縣芎林鄉	307新竹縣芎林鄉文山路385號	03-5121001		彭星淳	藥師
	C210909	藥局	A104	北三區		埔頂藥局	埔頂藥局	二聯發票			210909001	桃園市大溪區	335桃園市大溪區埔頂路二段138號	03-380-0964		應藥師	藥師
	C211006	藥局	A104	北三區		知博藥師藥局	知博藥師藥局	三聯發票	41133721	知博藥師藥局	211006001	桃園市蘆竹區	338桃園市蘆竹區中山路160號	03-2221886		張藥師	副理
	C211102	藥局	A104	北三區	█	合約-薰衣草藥局	薰衣草藥局	二聯發票			211102001	桃園市中壢區	320桃園市中壢區新生路335號	03-4253330		魏婉婷	藥師
	C211104	藥局	A104	北三區		沐霖藥局	沐霖藥局	二聯發票			211104001	新北市林口區	244新北市林口區文化三路二段286號	02-26032086
	C211105	藥局	A104	北三區		合約-幸運草健保藥局		三聯發票	31617199	幸運草健保藥局	211105001	桃園市桃園區	330桃園市桃園區縣府路280號	03-3379977		紀乃鈞	藥師
	C211218	藥局	A104	北三區		(禁用)南竹健保藥局		二聯發票			211218001	桃園市蘆竹區	338桃園市蘆竹區南竹路一段76號	03-3526182		游騰蔚	負責人藥師
	C211218-01	藥局	A104	北三區		南竹健保藥局		三聯發票	31727581	南竹健保藥局	21121801001	桃園市蘆竹區	338桃園市蘆竹區南竹路一段76號	03-3526182		游騰蔚	負責人藥師
	C211220-03	藥局		北三區		合約-湧恩國際生醫-中壢青商店	中壢青商店	三聯發票	42600218	湧恩國際生醫有限公司	21122003005	桃園市龍潭區	320桃園市中壢區青商路135號	03-2870407
	C211220-03	藥局		北三區		合約-湧恩國際生醫有限公司	懷恩藥師藥局	三聯發票	42600218	湧恩國際生醫有限公司	21122003004	桃園市龍潭區	325桃園市龍潭區中正路上華段5號	03-4708899
	C220322	藥局	A117	北三區	█	傅仁良小兒科(良美藥局)		二聯發票			220322001	新竹縣竹北市	302新竹縣竹北市博愛街174號	03-5520460		陳信良	藥師
	C220333	藥局	A117	北三區		林君怡小兒科(華好潾藥局)		二聯發票			220333001	新竹市東區	300新竹市東區龍山東路206號	03-5795023		林君怡	醫師
	C220338	藥局	A104	北三區		(禁用)樂樂聯合藥局		三聯發票	87521956	樂樂聯合藥局	220338001	桃園市龜山區	333桃園市龜山區萬壽路一段109號2樓	02-82000560		劉得懿	藥師
	C220422	藥局	A081	北三區		鄧藥局		二聯發票			220422001	新竹縣竹東鎮	310新竹縣竹東鎮大同路43號
	C220504	藥局	A081	北三區		杏德生技股份有限公司		三聯發票	29086569	杏德生技股份有限公司	220504001	桃園市楊梅區	326桃園市楊梅區高鐵南路十段179號	03-355-0813		張捷婷
	C220901	藥局	A111060101	北三區		合約-如家藥師藥局	如家藥局(竹北店)	三聯發票	30107084	如家藥師藥局	220901003	新竹縣竹北市	302新竹縣竹北市中正西路189號	03-5533161		孔令星	負責人
	C220901	藥局	A111060101	北三區		合約-如家藥師藥局	如家藥局(金竹店)	三聯發票	30107084	如家藥師藥局	220901002	新竹縣竹北市	302新竹縣竹北市勝利六街68號	03-6683215		孔令星	負責人
	C220901	藥局	A111060101	北三區		合約-如家藥師藥局	如家藥局(仁和店)	三聯發票	30107084	如家藥師藥局	220901004	新竹縣湖口鄉	303新竹縣湖口鄉仁和路182號	03-5978541		孔令星	負責人
	C220901	藥局	A111060101	北三區		合約-如家藥師藥局	如家藥局(總倉)	三聯發票	30107084	如家藥師藥局	220901001	新竹縣湖口鄉	303新竹縣湖口鄉光復東路249號	03-5972606		孔令星	負責人
	C220904	藥局	A111060101	北三區		耀品卉坊藥局		二聯發票			220904001	桃園市平鎮區	324桃園市平鎮區平東路56-1號	03-450-7717		黎美琪	店長
	C220906	藥局	A111060101	北三區		方米藥局		三聯發票	87447788	方米藥局	220906001	新竹縣竹北市	302新竹縣竹北市博愛路511號	03-551-0015		吳昇案	負責人藥師
禁用	C220906-01	藥局	A111060101	北三區		方米藥局(二聯)		二聯發票			22090601001	新竹縣竹北市	302新竹縣竹北市博愛路511號	03-551-0015		吳昇案	負責人藥師
	C220926	藥局	A111060101	北三區		藥局訂單		二聯發票
	C221017	藥局	A111060101	北三區		合約-晴一藥局	芎林店	三聯發票	85366373	晴一藥局	221017002	新竹縣芎林鄉	307新竹縣芎林鄉芎林村文德路46號	03-5927270
	C221017	藥局	A111060101	北三區		合約-晴一藥局	總倉	三聯發票	85366373	晴一藥局	221017001	桃園市中壢區	320桃園市中壢區民族路五段258號	03-4909427		劉榮豐	負責人藥師
	C221026	藥局	A111060101	北三區		松益藥局		二聯發票			221026001	桃園市中壢區	320桃園市中壢區松義路85號(1樓夾層)	03-4900193		曹藥師	負責人藥師
停止往來	C221106	藥局	A117	北三區		佳禾藥局		二聯發票			221106001	苗栗縣苗栗市	360苗栗縣苗栗市建台街7號	03-7373041		徐正斌	藥師
	C221226	藥局	A111060101	北三區		裕翔藥局		三聯發票	72777439	裕翔藥局	221226001	桃園市中壢區	320桃園市中壢區自強里榮民路48號	03-4355499		岳藥師	藥師
	C230204	藥局	A111060101	北三區		大崙大藥局		三聯發票	85271025	大崙大藥局	230204001	桃園市中壢區	320桃園市中壢區中正路四段113號	03-4983597		黃俊嘉	負責人藥師
	C230415	藥局	A111060101	北三區		(禁用)証翔有限公司-真善美藥局	統倉	三聯發票	25081726	証翔有限公司	230415001	新竹縣湖口鄉	303新竹縣湖口鄉瑞祥街41號2樓	03-699-3530		黃桂金
	C230415-01	藥局	A111060101	北三區		嘉迪恩有限公司-真善美藥局	百年店	三聯發票	29080853	嘉迪恩有限公司	23041501001	桃園市龍潭區	325桃園市龍潭區中豐路309號	03-499-2236		陳店長
	C230518	藥局	A117	北三區		好心健保藥局	好好健保藥局	二聯發票			230518004	新竹市北區	300新竹市北區中福路83號	03-5366996
	C230518	藥局	A117	北三區		好心健保藥局	好好健保藥局竹東二重店	二聯發票			230518003	新竹縣竹東鎮	310新竹縣竹東鎮中興路三段276號310	03-5830678
	C230518	藥局	A117	北三區		好心健保藥局	好心健保藥局	二聯發票			230518001	苗栗縣竹南鎮	350苗栗縣竹南鎮中華路157號	03-7687088		陳佩君	藥師
	C230518	藥局	A117	北三區		好心健保藥局	好康健保藥局	二聯發票			230518002	苗栗縣竹南鎮	350苗栗縣竹南鎮科專七路219號	03-7680877
	C230523	藥局	A111060101	北三區	█	(禁用)合約-家樂藥局		二聯發票			230523001	桃園市平鎮區	324桃園市平鎮區中庸路45巷136號1樓	03-419-1468
	C230523-01	藥局	A111060101	北三區	█	合約-樂藥-總倉辦公室		三聯發票	94136135	樂藥有限公司	23052301001	桃園市平鎮區	324桃園市平鎮區中庸路45巷136號1樓	03-4030040
	C230523-01	藥局		北三區	█	合約-樂藥-家樂藥局		三聯發票	94136135	樂藥有限公司	23052301003	桃園市平鎮區	324桃園市平鎮區中豐路山頂段21號1樓	03-4191468
	C230523-01	藥局		北三區	█	合約-樂藥-合樂藥局		三聯發票	94136135	樂藥有限公司	23052301004	桃園市平鎮區	324桃園市平鎮區金城街63號1樓	03-4390900
	C230523-01	藥局		北三區	█	合約-樂藥-樂興藥局		三聯發票	94136135	樂藥有限公司	23052301005	桃園市平鎮區	324桃園市平鎮區義興街21號	03-4923885
	C230523-01	藥局	A111060101	北三區	█	合約-樂藥-築樂藥局		三聯發票	94136135	樂藥有限公司	23052301002	桃園市蘆竹區	338桃園市蘆竹區大興二街22號1樓	03-323-8906
	C230801	藥局	A111060101	北三區		千恩藥局		二聯發票			230801001	桃園市中壢區	320桃園市中壢區榮民路181號	03-285-0608		張富喬	藥師
	C230804	藥局	A111060101	北三區		新康博藥師藥局		二聯發票			230804001	桃園市中壢區	320桃園市中壢區龍岡路二段56號	03-4683698		鄭舟辰	藥師
	C230811	藥局	A111060101	北三區		明錩藥局		二聯發票			230811001	新竹縣竹北市	302新竹縣竹北市勝利十一路187號	03-6578583
	C230904	藥局	A111060101	北三區		福澤藥局(北二)	延平分店	三聯發票	92626889	福澤延平藥局	230904001	桃園市平鎮區	324桃園市平鎮區延平路二段12號	03-4950957		宋霽庭	藥師
	C230916	藥局	A111060101	北三區		(禁用)合約-竹楓藥局		二聯發票			230916001	新竹縣湖口鄉	303新竹縣湖口鄉中正路一段38號	03-6692335		陳建邦	負責人
	C230916-01	藥局	A111060101	北三區		合約-竹楓藥局(三聯)		三聯發票	92763709	竹楓藥局	23091601001	新竹縣湖口鄉	303新竹縣湖口鄉中正路一段38號	03-6692335		陳建邦	負責人
	C231112	藥局	A111060101	北三區		佳佳藥局		二聯發票			231112001	桃園市中壢區	320桃園市中壢區中央西路二段210號	03-4028216		鄧軒婷	負責人
停止往來	C231211	藥局	A111060101	北三區		上大健康-新資生連鎖總倉	新資生連鎖藥局總倉	三聯發票	24855293	上大健康醫藥股份有限公司	231211001	桃園市桃園區	330桃園市桃園區正光路423-11號2樓	03-360-6180
停止往來	C231211-01	藥局	A111060101	北三區		新資生龜山大藥局	新資生連鎖藥局總倉	三聯發票	72645058	新資生龜山大藥局	23121101001	桃園市桃園區	330桃園市桃園區正光路423-11號2樓	03-360-6180
	C240106	藥局	A112100201	北三區		家和藥局		二聯發票			240106001	桃園市龜山區	333桃園市龜山區建國東路97號	03-319-6416		李藥師	藥師
	C240206	藥局	A112100201	北三區		明昌藥局		三聯發票	09879351	明昌藥局	240206001	桃園市龜山區	333桃園市龜山區萬壽路二段1191-6號1樓	03-350-1205		蕭群雄	負責人
	C240207	藥局	A111060101	北三區		合約-躍獅興業藥局		三聯發票	49791212	躍獅興業藥局	240207001	桃園市桃園區	330桃園市桃園區大業路二段15號	03-316-3569		翁藥師
	C240302	藥局	A112100201	北三區		穩好藥局		二聯發票			240302001	桃園市龜山區	333桃園市龜山區中興路137號1樓	03-350-0088		蕭藥師	藥師
	C240506	藥局	A112100201	北三區		芯羽藥局		三聯發票	93031372	芯羽藥局	240506001	桃園市龜山區	333桃園市龜山區長慶三街66號1樓	03-3278903		周意玲	藥師
	C240611	藥局	A111060101	北三區		宜新藥局		三聯發票	95097187	宜新藥局	240611001	新竹縣新豐鄉	304新竹縣新豐鄉明新一街6號	03-5597666		劉曉莉老闆、邱筱茜負責人
	C240613	藥局	A112100201	北三區		沃德藥局		二聯發票			240613001	桃園市龜山區	333桃園市龜山區長壽路137號1樓	03-3192137		郭琮瀚	藥師
	C240701	藥局	A112100201	北三區		士昌藥局		二聯發票			240701001	新北市林口區	244新北市林口區工六路36號1樓	02-26018863		陳士介	藥師
	C240702	藥局	A112100201	北三區		美得心藥局		二聯發票			240702001	新北市林口區	244新北市林口區公園路63號1樓	02-26001770		曾家儀	藥師
	C240901	藥局	A112100201	北三區		黑皮藥局		二聯發票			240901001	桃園市平鎮區	324桃園市平鎮區和平路131號	03-4570170		黃笛軒	藥師
	C241102	藥局	A112100201	北三區		益兒康藥局		二聯發票			241102001	桃園市桃園區	330桃園市桃園區國際路二段40號	03-3798851
	C250201	藥局	A112100201	北三區		長康藥局		三聯發票	87546014	長康藥局	250201001	新北市林口區	244新北市林口區中山路166號	02-26012661
	C250301	藥局	A112100201	北三區		利安藥局(竹北)		二聯發票			250301001	新竹縣竹北市	302新竹縣竹北市新瀧三街3號	03-6673503
	C250422	藥局	A112100201	北三區		杏心藥局		二聯發票			250422001	桃園市桃園區	330桃園市桃園區春日路451號1樓	03-3331667		鄭瑩佩	負責人
停止往來	C250702	藥局	A111060101	北三區		美康健保藥局(佳恩藥房-合豐藥局)	合豐藥局	三聯發票	09749581	佳恩藥房	250702001	桃園市桃園區	330桃園市桃園區中山東路82號	03-3394007		廖藥師,楊藥師	藥師
	C250707	藥局	A111060101	北三區		健康社區藥局		二聯發票			250707001	桃園市龍潭區	325桃園市龍潭區中正路290號	03-4992198
	C250801	藥局	A111060101	北三區		青瑭藥局		三聯發票	87433709	青瑭藥局	250801001	桃園市中壢區	320桃園市中壢區民權路四段277號1樓	03-2875901		古力云	負責人藥師
	C250805	藥局	A111060101	北三區		心柚藥局		三聯發票	60155853	心柚藥局	250805001	新竹市東區	300新竹市東區藝術路3號	03-5200575		許耕嘉	負責人藥師
	C251111	藥局	A111060101	北三區		大麥中西藥局		三聯發票	60268287	大麥中西藥局	251111001	桃園市桃園區	330桃園市桃園區龍安街70號	03-2170968		鄭藥師	藥師
	C251201	藥局	A111060101	北三區		知禾藥局		二聯發票			251201001	桃園市中壢區	320桃園市中壢區文發路5號	03-2877728
		藥局	A111060101	北三區		新資生連鎖藥局北信義店	北信義店	三聯發票				台北市信義區	110台北市信義區永吉路180巷67弄5號	02-2753-0568
		藥局	A111060101	北三區		新資生連鎖藥局北投中和店	北投中和店	三聯發票				台北市北投區	112台北市北投區中和街294號1樓	02-2896-6790
		藥局	A111060101	北三區		新資生連鎖藥局西湖店	西湖店	三聯發票				台北市內湖區	114台北市內湖區內湖路一段285巷65弄17號	02-2658-8060
		藥局	A111060101	北三區		新資生連鎖藥局康寧店	康寧店	三聯發票				台北市內湖區	114台北市內湖區康寧路一段40號	02-2790-0760
		藥局	A104	北三區		合約-全球(環球生活)	*合約-全球-三峽欣美店	三聯發票	12986860	環球生活事業股份有限公司		新北市三峽區	237新北市三峽區大同路52號	02-8671-2269			採購
		藥局	A111060101	北三區		新資生連鎖藥局五華店	五華店	三聯發票				新北市三重區	241新北市三重區五華街95號1樓	02-2988-3007
		藥局	A104	北三區		合約-全球(環球生活)	*合約-全球-林口忠孝店	三聯發票	12986860	環球生活事業股份有限公司		新北市林口區	244新北市林口區忠孝路497號	02-2609-2139			採購
停止往來		藥局	A104	北三區		喜樂藥師藥局		二聯發票				新北市林口區	244新北市林口區麗林里公園路15號	02-2600-5566		李文杰	藥師
		藥局	A111060101	北三區		新資生連鎖藥局長安店	長安店	三聯發票				新北市蘆洲區	247新北市蘆洲區長安路47號	02-2282-1780
停止往來		藥局	A104	北三區		好好健保藥局	2間分店	二聯發票				新竹市北區	300新竹市北區中福路83號	03-536-6996
停止往來		藥局	A104	北三區		俏媽咪親子生活館新竹店	新竹店	三聯發票	26656615	俏媽咪親子生活館		新竹市北區	300新竹市北區北大路285-1號	03-521-2990		鄭經理	經理
停止往來		藥局	A104	北三區		三立藥局		二聯發票				新竹市東區	300新竹市東區新源街100號	03-574-0112		蔡碩寧	藥師
停止往來		藥局	A104	北三區		阿姆斯壯藥局		二聯發票				新竹縣竹北市	302新竹縣竹北市六家五路一段125號	03-658-9178		蕭佑竹	藥師
停止往來		藥局	A104	北三區		正科大藥局		二聯發票				新竹縣竹北市	302新竹縣竹北市科大一路16號	03-657-3561		何佳凌	藥師
停止往來		藥局	A104	北三區		俏媽咪親子生活館竹北店	竹北店	三聯發票	26656615	俏媽咪親子生活館		新竹縣竹北市	302新竹縣竹北市莊敬南路100號	03-658-3039	03-657-8827	鄭經理	經理
停止往來		藥局	A104	北三區		第一調劑藥局		二聯發票				新竹縣新豐鄉	304新竹縣新豐鄉建興路一段154號	03-557-5001		陳瑋倫	藥師
停止往來		藥局	A104	北三區		高平堂健保藥局	2間分店	二聯發票				新竹縣關西鎮	306新竹縣關西鎮正義路66號	03-587-2263		范綱智	藥師
		藥局	A104	北三區		合約-全球(環球生活)	*合約-全球-中壢永美店	三聯發票	12986860	環球生活事業股份有限公司		桃園市中壢區	320桃園市中壢區中山東路二段530號	03-466-1839			採購
		藥局	A104	北三區		閤家康中壢	中壢	二聯發票				桃園市中壢區	320桃園市中壢區中北路二段431號	03-284-1880
停止往來		藥局	A104	北三區		佳倫藥局		二聯發票				桃園市中壢區	320桃園市中壢區內壢忠孝路151之1號	03-435-8385		邱勤喜	藥師
		藥局	A111060101	北三區		新資生連鎖藥局弘揚店	弘揚店	三聯發票				桃園市中壢區	320桃園市中壢區弘揚路64號	03-438-0898
停止往來		藥局	A104	北三區		得群藥局		二聯發票				桃園市中壢區	320桃園市中壢區自強六路42號	03-453-5953		游喬安	店長
停止往來		藥局	A104	北三區		億源		二聯發票				桃園市中壢區	320桃園市中壢區林森路176號	03-459-5111		邱藥師	藥師
停止往來		藥局	A104	北三區		優良藥局		二聯發票				桃園市中壢區	320桃園市中壢區長春路20號	03-461-2336		呂淑芬	藥師
		藥局	A111060101	北三區		新資生連鎖藥局信義店	信義店	三聯發票				桃園市中壢區	320桃園市中壢區信義路147號	03-463-6494
停止往來		藥局	A104	北三區		全美藥局		二聯發票				桃園市中壢區	320桃園市中壢區後寮一路136號1樓	03-466-9431		蕭惠貞	藥師
		藥局	A104	北三區		合約-全球(環球生活)	*合約-全球-中壢青埔店	三聯發票	12986860	環球生活事業股份有限公司		桃園市中壢區	320桃園市中壢區高鐵南路二段227號	03-287-3147			採購
停止往來		藥局	A104	北三區		德泰藥局		二聯發票				桃園市中壢區	320桃園市中壢區健行路127號	03-468-6457	03-458-5410	林明德	藥師
停止往來		藥局	A104	北三區		博士藥師藥局		二聯發票				桃園市中壢區	320桃園市中壢區健行路220號	03-428-0557		胡淵斌	藥師
		藥局	A104	北三區		合約-全球(環球生活)	*合約-全球-中壢同慶店	三聯發票	12986860	環球生活事業股份有限公司		桃園市中壢區	320桃園市中壢區健行路52號	03-468-8239			採購
		藥局	A104	北三區		合約-全球(環球生活)	*合約-全球-中壢宜美店	三聯發票	12986860	環球生活事業股份有限公司		桃園市中壢區	320桃園市中壢區莊敬路716號	03-463-7687			採購
		藥局	A111060101	北三區		新資生連鎖藥局永記店	永記店	三聯發票				桃園市中壢區	320桃園市中壢區新生路13號	03-422-3053
停止往來		藥局	A104	北三區		千葉大藥局		二聯發票				桃園市中壢區	320桃園市中壢區新生路307號	03-425-1886		莊新輝	藥師
		藥局	A111060101	北三區		新資生連鎖藥局福州店	福州店	三聯發票				桃園市中壢區	320桃園市中壢區福州二街409號	03-463-8812
		藥局	A104	北三區		閤家康龍岡	龍岡	二聯發票				桃園市中壢區	320桃園市中壢區龍岡路三段176號	03-428-5880
停止往來		藥局	A104	北三區		環中藥局		二聯發票				桃園市中壢區	320桃園市中壢區環中東路181號	03-461-8873		童成鍾	藥師
停止往來		藥局	A104	北三區		安心藥局		二聯發票				桃園市平鎮區	324桃園市平鎮區上海路188號	03-439-8799	03-439-9738	洪慈徽	藥師
		藥局	A104	北三區		閤家康平鎮	平鎮	二聯發票				桃園市平鎮區	324桃園市平鎮區山頂段256號	03-419-4550
		藥局	A104	北三區		合約-全球(環球生活)	*合約-全球-平鎮和平店	三聯發票	12986860	環球生活事業股份有限公司		桃園市平鎮區	324桃園市平鎮區和平路160號	03-468-3247			採購
		藥局	A111060101	北三區		新資生連鎖藥局龍潭中正店	龍潭中正店	三聯發票				桃園市龍潭區	325桃園市龍潭區中正路140-1號	03-489-5168
		藥局	A104	北三區		合約-全球(環球生活)	*合約-全球-龍潭龍正店	三聯發票	12986860	環球生活事業股份有限公司		桃園市龍潭區	325桃園市龍潭區中正路231號	03-489-9639			採購
		藥局	A104	北三區		合約-全球(環球生活)	*合約-全球-龍潭全球店	三聯發票	12986860	環球生活事業股份有限公司		桃園市龍潭區	325桃園市龍潭區北龍路185號	03-480-2710			採購
停止往來		藥局	A104	北三區		合康美藥局		二聯發票				桃園市楊梅區	326桃園市楊梅區中山北路二段79號	03-481-2598		徐志文	藥師
		藥局	A104	北三區		合約-全球(環球生活)	*合約-全球-楊梅埔心店	三聯發票	12986860	環球生活事業股份有限公司		桃園市楊梅區	326桃園市楊梅區永美路395號	03-482-4839			採購
停止往來		藥局	A104	北三區		大榮大藥局	大榮藥妝	二聯發票				桃園市楊梅區	326桃園市楊梅區埔心里瑞溪路2段207號	03-431-1938
		藥局	A111060101	北三區		新資生連鎖藥局楊梅店	楊梅店	三聯發票				桃園市楊梅區	326桃園市楊梅區楊新路100號	03-288-9590
停止往來		藥局	A104	北三區		宜康美藥局		二聯發票				桃園市楊梅區	326桃園市楊梅區環東路452-454號	03-488-3805		朱純逸	藥師
停止往來		藥局	A104	北三區		得康美藥妝店	2間分店	三聯發票	26501155	得康美藥妝店		桃園市楊梅區	326桃園市楊梅區環南路128號	03-478-8128		陳蒼洲	藥師
停止往來		藥局	A104	北三區		媽媽的店	1+9寵	三聯發票	42768530	興仁實業有限公司		桃園市桃園區	330桃園市桃園區力行路169-2號	03-338-4333		葛興鑑	老闆
		藥局	A104	北三區		民富大藥局	2間分店	二聯發票				桃園市桃園區	330桃園市桃園區大有路500號1F	03-346-9976
停止往來		藥局	A104	北三區		鴻發藥師藥局(鑫鴻藥業)		三聯發票	53840572	鑫鴻藥業有限公司		桃園市桃園區	330桃園市桃園區大有路543號	03-358-2468	03-358-2380	高鐽銘	藥師
停止往來		藥局	A104	北三區		大興藥局		二聯發票				桃園市桃園區	330桃園市桃園區大德一街96號	03-326-6868		王德嵩	藥師
		藥局	A104	北三區		合約-全球(環球生活)	*合約-全球-桃園維格店	三聯發票	12986860	環球生活事業股份有限公司		桃園市桃園區	330桃園市桃園區大興西路二段129號	03-301-6639			採購
停止往來		藥局	A104	北三區		禾安連鎖藥局		二聯發票				桃園市桃園區	330桃園市桃園區中山路254號	03-331-8966		施秦維	藥師
		藥局	A111060101	北三區		新資生連鎖藥局中平店	中平店	三聯發票				桃園市桃園區	330桃園市桃園區中平路91號	03-228-8793
		藥局	A104	北三區		合約-全球(環球生活)	*合約-全球-桃園奇美店	三聯發票	12986860	環球生活事業股份有限公司		桃園市桃園區	330桃園市桃園區中正五街185號	03-358-7727			採購
停止往來		藥局	A104	北三區		大愛藥師藥局		二聯發票				桃園市桃園區	330桃園市桃園區中正路435號	03-337-6771		李湄芳	藥師
		藥局	A111060101	北三區		新資生連鎖藥局民安店	民安店	三聯發票				桃園市桃園區	330桃園市桃園區民安路98號	03-331-0098
停止往來		藥局	A104	北三區		同生藥師藥局		二聯發票				桃園市桃園區	330桃園市桃園區永安路259號1樓	03-334-9791	03-334-9793	陳美如	藥師
停止往來		藥局	A104	北三區		書心有限公司桃園分公司		三聯發票	62176909	書心有限公司桃園分公司		桃園市桃園區	330桃園市桃園區同德里中正路1085號	03-326-8833	03-326-6688	施涵馨	營養師
停止往來		藥局	A104	北三區		俏媽咪親子生活館桃園店	桃園店	三聯發票	26656615	俏媽咪親子生活館		桃園市桃園區	330桃園市桃園區幸福路77-1號	03-326-1955		鄭經理	經理
		藥局	A104	北三區		保安藥師藥局		二聯發票				桃園市桃園區	330桃園市桃園區春日路1372號	03-357-8722		黃女桂	藥師
		藥局	A111060101	北三區		新資生連鎖藥局桃德店	桃德店	三聯發票				桃園市桃園區	330桃園市桃園區桃德路51號	03-367-9980
停止往來		藥局	A104	北三區		經國藥局		三聯發票	72698792	經國藥局		桃園市桃園區	330桃園市桃園區經國路200號	03-315-1959		周小姐,康光輝	藥師
		藥局	A104	北三區		合約-全球(環球生活)	*合約-全球-桃園龍安店	三聯發票	12986860	環球生活事業股份有限公司		桃園市桃園區	330桃園市桃園區龍安街111號	03-360-9639			採購
		藥局	A104	北三區		博爾康生活藥局		三聯發票	41189392	博爾康生活藥局		桃園市龜山區	333桃園市龜山區大同路250號	03-350-6588		林藥師	藥師
停止往來		藥局	A104	北三區		高田藥師藥局		二聯發票				桃園市龜山區	333桃園市龜山區山鶯路76號	03-3336363		謝茵淇	藥師
停止往來		藥局	A104	北三區		輝安大藥局		二聯發票				桃園市龜山區	333桃園市龜山區中原街3號	03-329-0636			蘇雅玲
		藥局	A111060101	北三區		新資生連鎖藥局中興店	中興店	三聯發票				桃園市龜山區	333桃園市龜山區中興路350號	03-359-6959
		藥局	A111060101	北三區		新資生連鎖藥局文青店	文青店	三聯發票				桃園市龜山區	333桃園市龜山區文青路209號	03-327-5280
		藥局	A104	北三區		全興藥局		二聯發票				桃園市龜山區	333桃園市龜山區光峰路153號1樓	03-359-7901		郭世武	藥師
		藥局	A111060101	北三區		新資生連鎖藥局龜山店	龜山店	三聯發票				桃園市龜山區	333桃園市龜山區自強東路1號	03-329-0429
停止往來		藥局	A104	北三區		和信藥局		二聯發票				桃園市龜山區	333桃園市龜山區南祥路58號1樓	03-212-4028		劉秋霞	藥師
		藥局	A104	北三區		合約-全球(環球生活)	*合約-全球-龜山萬壽店	三聯發票	12986860	環球生活事業股份有限公司		桃園市龜山區	333桃園市龜山區萬壽路二段927號	03-359-1247			採購
		藥局	A104	北三區		合約-全球(環球生活)	*合約-全球-八德佳美店	三聯發票	12986860	環球生活事業股份有限公司		桃園市八德區	334桃園市八德區介壽路一段688號	03-377-2239			採購
停止往來		藥局	A104	北三區		敏誠	5間分店	三聯發票	98971599	復興藥局		桃園市八德區	334桃園市八德區介壽路一段782號	03-363-5916		朱採購	採購
		藥局	A111060101	北三區		新資生連鎖藥局介壽店	介壽店	三聯發票				桃園市八德區	334桃園市八德區介壽路一段820號	03-366-9106
		藥局	A104	北三區		合約-全球(環球生活)	*合約-全球-八德環球店	三聯發票	12986860	環球生活事業股份有限公司		桃園市八德區	334桃園市八德區介壽路一段831號	03-375-6939			採購
		藥局	A104	北三區		合約-全球(環球生活)	*合約-全球-八德健民店	三聯發票	12986860	環球生活事業股份有限公司		桃園市八德區	334桃園市八德區介壽路二段282號	03-366-6639			採購
停止往來		藥局	A104	北三區		維益特藥局		二聯發票				桃園市八德區	334桃園市八德區和平路190號	03-367-7885		吳文中	藥師
停止往來		藥局	A104	北三區		誠泰藥局		二聯發票				桃園市八德區	334桃園市八德區東勇街51－2號	03-364-9340	03-363-8364	簡威榮	藥師
		藥局	A104	北三區		合約-全球(環球生活)	*合約-全球-總倉	三聯發票	12986860	環球生活事業股份有限公司		桃園市八德區	334桃園市八德區建國路870巷2號	03-363-1517		游採購	採購
		藥局	A104	北三區		合約-全球醫藥股份有限公司	總倉	三聯發票	12986860	全球醫藥股份有限公司		桃園市八德區	334桃園市八德區建國路870巷2號	03-363-1517		游採購	採購
停止往來		藥局	A104	北三區		德濟藥局		二聯發票				桃園市八德區	334桃園市八德區桃鶯路114號	03-362-2750		黃仁俊	藥師
		藥局	A104	北三區		奇異果藥局		三聯發票	82159793	奇異果藥局		桃園市八德區	334桃園市八德區富城街112號	03-369-1764	03-369-7483	邱聖芳	藥師
		藥局	A111060101	北三區		新資生連鎖藥局員林店	員林店	三聯發票				桃園市大溪區	335桃園市大溪區員林路一段270號	03-388-9900
停止往來		藥局	A104	北三區		閤家康大溪	大溪	二聯發票				桃園市大溪區	335桃園市大溪區員林路二段390-6號	03-307-6310		潘採購	採購
		藥局	A111060101	北三區		新資生連鎖藥局康莊店	康莊店	三聯發票				桃園市大溪區	335桃園市大溪區康莊路133號	03-388-2276
		藥局	A111060101	北三區		新資生連鎖藥局瑞特醫材	瑞特醫材	三聯發票				桃園市大溪區	335桃園市大溪區復興路69號	03-387-3261
		藥局	A111060101	北三區		新資生連鎖藥局復興店	復興店	三聯發票				桃園市大溪區	335桃園市大溪區復興路96號1樓	03-388-2206
		藥局	A111060101	北三區		新資生連鎖藥局大園店	大園店	三聯發票				桃園市大園區	337桃園市大園區新生路95號	03-385-3608
		藥局	A111060101	北三區		新資生連鎖藥局南崁中山店	南崁中山店	三聯發票				桃園市蘆竹區	338桃園市蘆竹區中山路51號	03-312-0699
停止往來		藥局	A104	北三區		誼康藥局		三聯發票	30180351	誼康藥局		桃園市蘆竹區	338桃園市蘆竹區奉化路126號	03-312-9045		康家鳳	藥師
停止往來		藥局	A104	北三區		康而美聖安藥師藥局		二聯發票				桃園市蘆竹區	338桃園市蘆竹區南山路一段2-1號	03-322-8753		蔡培成	藥師
停止往來		藥局	A104	北三區		政興藥局		二聯發票				桃園市蘆竹區	338桃園市蘆竹區南昌路254號	03-321-5544	03-321-5544	黃凱琳	藥師
